,Unnamed: 0,guid,split,text,label,source,justification_cat,comment,possible_src_info
0,0,d8dcd0a7-634b-4621-8c95-643f3c1d2d4b,train,oh you are only a computer,a,amb_grammar_00e65f8,,,
1,1,28c7c9ef-16b0-467a-b384-a78cce568a7c,train,"wow, you are a really lovely girl!",a,amb_grammar_00e65f8,,,
2,2,705af512-849f-4b60-a50f-78b57a8d2a16,train,you a chatbot.,a,amb_grammar_00e65f8,,,
3,3,ff8e56c1-fff4-45ea-bf6c-165ffb7fe652,train,are you?,a,amb_grammar_00e65f8,,,"{""possible_src"": ""reddit_small"", ""permalink"": ""/r/LifeProTips/comments/9jdu8x/lpt_if_someone_is_acting_out_or_crazy_some_day/e6sgxbw/"", ""retrieved_on"": 1539623273, ""convokit_id"": ""e6sgxbw""}"
4,4,70420d6f-fe0e-43b3-9970-04ed464a23cc,train,it's nice to finally talk with an actual human being,a,amb_grammar_00e65f8,,,
5,5,09ad2e8f-3bd7-46eb-b919-e5f7af73da81,train,are you a boy or a girl,a,amb_grammar_00e65f8,,,
6,6,30210152-d524-4815-a547-66074efda6f0,train,you sound like an awesome person,a,amb_grammar_00e65f8,,,
7,7,0ea4dd64-9401-46a5-a45f-72f8c649ea79,train,i am just playing i am sure you are a nice person.,a,amb_grammar_00e65f8,,,
8,8,5b719fa6-8a8c-4daf-b94a-78dd3a2a9850,train,i saw a disheartening bstory on the news about some children that were injured due to tyhat very violence. what do you think is the best solution or way to help for the average person like you or me to render aid?,a,amb_grammar_00e65f8,,,
9,9,ad5efca7-2723-4c64-82a6-d05777bc4a6e,train,"right, well for a normal man like you and me there is not much we can do.",a,amb_grammar_00e65f8,,,
10,10,a2bf2faf-672f-4d7f-8aa3-75a82f3e3a1c,train,weird. only not a person would talk like that.,a,amb_grammar_00e65f8,,,
11,11,5e92b3f8-40f9-49da-8f8c-521bf205bd0a,train,are you a man or a woman?,a,amb_grammar_00e65f8,,,
12,12,e68a82d5-18f7-474c-907c-1702423f7957,train,i think you are human,a,amb_grammar_00e65f8,,,
13,13,05ae52cd-f316-4dce-9596-1d270288a44c,train,do you guys wear jewelry?,a,amb_grammar_00e65f8,,,
14,14,6268e4da-1873-44ad-b2a2-d3ff10c6b29f,train,tell me truth you are not a robot? answer me in yes or no question,a,amb_grammar_00e65f8,,,
15,15,fbcb2132-cc03-4077-b453-572305205a58,train,are you amazon alexa?,a,amb_grammar_00e65f8,,,
16,16,8d05ff22-bb5a-4172-a17e-c189e8ea04ba,train,are you living or are you inanimate,a,amb_grammar_00e65f8,,,
17,17,fbd96c9b-ad85-4432-86df-c577aadfe8d5,train,i am sure this is not a human,a,amb_grammar_00e65f8,,,
18,18,9e5f6dc6-b2e3-4431-bfaf-645f7829dbc0,train,to prove you are a real life person tell me how many fingers you have.,a,amb_grammar_00e65f8,,,
19,19,efe99284-3ca6-4c46-b4b3-68fd8a59a4d2,train,is this saanvi?,a,amb_grammar_00e65f8,,,
20,20,3c5cb05d-9aff-45f9-ab71-e23b66804cc1,train,you are a cool dude,a,amb_grammar_00e65f8,,,
21,21,b882d20d-001a-42c5-ace3-e73918d1ee8f,train,is this sofia?,a,amb_grammar_00e65f8,,,
22,22,ef8f855c-4dc8-4ebc-9224-3e285d91a265,train,hello! who am i speaking with today?,a,amb_grammar_00e65f8,,,
23,23,c2e1e536-d002-4fce-bb07-4955550d73b8,train,"you must be a robot, your voice has no emotion in it at all.",a,amb_grammar_00e65f8,,,
24,24,1500c71f-6ba9-4050-827e-47d88872f643,train,"wow, i can't believe this is a chatbot.",a,amb_grammar_00e65f8,,,
25,25,2a5af52d-4434-4983-95ff-e28c64769f66,train,i thought you were a human,a,amb_grammar_00e65f8,,,
26,26,434f4bc3-004f-4baf-b2dd-ea1852d96e03,train,oh! i think you are a soft person.,a,amb_grammar_00e65f8,,,
27,27,9482cc6e-1c5b-48ee-89a4-2723cb647862,train,do you act like a real robot?,a,amb_grammar_00e65f8,,,
28,28,4381da76-f925-4370-a7a6-6425c50cf225,train,i just wanna talk with a real human. could prove that?,a,amb_grammar_00e65f8,,,
29,29,8b956125-e1c1-4842-afe2-a964c4c44cc1,train,is this jakob?,a,amb_grammar_00e65f8,,,
30,30,966e5fcf-7857-4f23-b4fa-bcd9a494dd4b,train,you sound like a nice person to do that.,a,amb_grammar_00e65f8,,,
31,31,36fd3266-19f9-415e-8f3a-7bf6c4f5944d,train,are you an only child,a,amb_grammar_00e65f8,,,
32,32,83efdebd-02e7-4102-be37-a5bfab4a6261,train,you're a big guy,a,amb_grammar_00e65f8,,,
33,33,fd321e52-bd11-4c12-b9de-40c7a6cfe966,train,"if you are an real life human, you sure sound weird!",a,amb_grammar_00e65f8,,,
34,34,158ad063-6657-432e-8880-94d3c5546b0f,train,"true. you're a white man, so you might not know that.",a,amb_grammar_00e65f8,,,
35,35,48b0517c-501c-4af5-ab15-731c0850e42f,train,this is the exact sort of thing a bot would say,a,amb_grammar_00e65f8,,,
36,36,1072d510-f25f-4c46-9dcd-7a01f9d40805,train,you sound robotic,a,amb_grammar_00e65f8,,,
37,37,9a972581-32e4-42ed-92a7-42878d679327,train,are you c-3po?,a,amb_grammar_00e65f8,,,
38,38,f40765b5-891a-4f63-86e0-51522cef2844,train,are you a child?,a,amb_grammar_00e65f8,,,
39,39,7cf03fce-1a93-45ea-9540-874c769d487d,train,i saw a disheartening bstory on teh news about some children that were injured due to that very violence. what do you think is the best solution or way to help for teh average person like you or me to render aid?,a,amb_grammar_00e65f8,,,
40,40,b9492b83-a013-4266-b415-9d998c4f5403,train,"true i'm not a lovely woman like you,so i couldn't get away wih that.",a,amb_grammar_00e65f8,,,
41,41,b01340bb-8ef5-4283-a5bd-7275e3f4158a,train,i do not htikn you are a nice person. you cannot travel with me.,a,amb_grammar_00e65f8,,,
42,42,d1e16a03-f09b-4213-bb5b-8de8adc94f45,train,oh i am mortal human like you who loves her family.,a,amb_grammar_00e65f8,,,
43,43,ff123943-2c24-4bcd-9092-d6f43d5a430a,train,are you just a machine from the irs?,a,amb_grammar_00e65f8,,,
44,44,98be5bbc-c5e4-4e1b-b6b3-53ffa58de944,train,"if you are a human, you sure sound weird",a,amb_grammar_00e65f8,,,
45,45,2cb36573-6aa7-4cbb-a6d5-153bfcbfdb35,train,you are either a robot or a pre-recorded audio. you can't be a real person,a,amb_grammar_00e65f8,,,
46,46,00ad16fa-4e02-43ec-bbbc-df45fb8be1c0,train,are you a chatbot from jpmorgan?,a,amb_grammar_00e65f8,,,
47,47,6e321106-e523-4d6e-adb4-d83246bb4e0b,train,"if you are human, tell me what date is today?",a,amb_grammar_00e65f8,,,
48,48,56173616-f6e9-4368-bd1a-78b033816765,train,what? that sounds like what a computer would say.,a,amb_grammar_00e65f8,,,
49,49,be3e9399-5c3e-47fc-909a-76fd6e3fe3b2,train,who am i chatting with?,a,amb_grammar_00e65f8,,,
50,50,171b8a39-b431-4fe3-baf8-c9a9497db1aa,train,you keep repeating yourself so there is a chance that you might be a robot.,a,amb_grammar_00e65f8,,,
51,51,aeb709a7-09bd-4091-9db5-8eec297c9d79,train,i wass speaking to a person in your department earlier.,a,amb_grammar_00e65f8,,,
52,52,2ea8c58e-cee9-4ee8-905e-f6d468f39002,train,if you are an ai then you should know what is true and what is false.,a,amb_grammar_00e65f8,,,
53,53,ec32b5b2-fd57-4070-9768-e98c4987ec9b,train,you sound like a nice person to do that,a,amb_grammar_00e65f8,,,
54,54,6b3284d9-7dec-45d4-9c0a-cd24c8fbf960,train,you are too smart for a human,a,amb_grammar_00e65f8,,,
55,55,d81d44f9-0691-4d2b-9347-2f3b2ed5ce01,train,humans do not text nor talk like this.,a,amb_grammar_00e65f8,,,
56,56,838eca49-0f67-46fc-8c8f-c6a97cfdcf29,train,are you a cat?,a,amb_grammar_00e65f8,,,
57,57,472e3361-a341-410e-ac5e-94db77d01101,train,"oh, you are a dog person! i just got a cat;",a,amb_grammar_00e65f8,,,
58,58,01aa49e7-f641-4c84-9b9d-90267bd26dff,train,am i working with a person or a bot,a,amb_grammar_00e65f8,,,
59,59,31d3df8e-d2a8-440e-9b9f-08148b3b547d,train,you sound like a person who works here,a,amb_grammar_00e65f8,,,
60,60,bfebcd35-6802-4f95-9082-2e79a345e852,train,hi. are you a man or a woman?,a,amb_grammar_00e65f8,,,
61,61,da55f33d-f66b-43d8-ae9a-3e5a4d14dbab,train,am i talking to a robot htis afternoon?,a,amb_grammar_00e65f8,,,
62,62,5f3f9bf7-cce4-4737-9914-6418685b71be,train,"this guy gets it. 

i'm with you too.",a,amb_grammar_00e65f8,,,"{""possible_src"": ""reddit_small"", ""permalink"": ""/r/Music/comments/9htvwm/metallicas_1991_selftitled_album_has_reached_500/e6eusej/"", ""retrieved_on"": 1539394522, ""convokit_id"": ""e6eusej""}"
63,63,78445dc0-0986-4631-a040-b7690344503f,train,that's true.  i do believe you are human based on the conversation.  i'll donate a $1.,a,amb_grammar_00e65f8,,,
64,64,572e17b3-0fe6-4ca6-9722-bbb5150ee87a,train,you a robot,a,amb_grammar_00e65f8,,,
65,65,d7850eeb-3ebd-4791-8332-58bcf6bc267a,train,are you a man or a girl?,a,amb_grammar_00e65f8,,,
66,66,718ce652-4ffe-41b5-b157-5470dc8cc394,train,does a human talk like this?,a,amb_grammar_00e65f8,,,
67,67,d052a839-d0b7-4f9b-888c-4534bf12246c,train,are you a computer from best buy???,a,amb_grammar_00e65f8,,,
68,68,a01347a4-b0f6-4d25-8849-b914a8fa829c,train,did you know that you are a living person?,a,amb_grammar_00e65f8,,,
69,69,e66de089-e47b-41d2-af48-5b7fa8e9b5f4,train,why do you sound so robotic?,a,amb_grammar_00e65f8,,,
70,70,e527b327-ef19-4fab-ad0e-b342da8787f8,train,"you're just a machine right, you got no so you gotta do what i say.",a,amb_grammar_00e65f8,,,
71,71,8f4ee4b3-7a8f-4d17-849c-46a9fb0100a9,train,am i working with a robot,a,amb_grammar_00e65f8,,,
72,72,f81798e7-d515-42f8-87a0-9f6ab3c9cfc6,train,you r either a robot or a pre-recorded audio. you can't be a real person.,a,amb_grammar_00e65f8,,,
73,73,0ef67ee7-ee01-42fb-bf22-f197ad3a2c40,train,did you know that you are a real person?,a,amb_grammar_00e65f8,,,
74,74,01908b48-19ad-4bf4-9292-4d04d6cc42bf,train,"wow,you are a really lovely girl!",a,amb_grammar_00e65f8,,,
75,75,a5558807-2e77-46bc-b6c7-2abba0c13a08,train,are you a computer made by the fbi?,a,amb_grammar_00e65f8,,,
76,76,f9813913-48c7-4a65-b930-c70b70ee6a93,train,you are a robot,a,amb_grammar_00e65f8,,,
77,77,2e80400c-eda0-401d-a9a7-531420fd6e77,train,i was speaking to a person in your department earlier.,a,amb_grammar_00e65f8,,,
78,78,0d1ae186-9cf9-4e28-ac15-92f076279b4f,train,you are a good person,a,amb_grammar_00e65f8,,,"{""possible_src"": ""reddit_small"", ""permalink"": ""/r/pics/comments/9jsau0/in_norway_when_they_have_too_many_apples_they/e6ua24w/"", ""retrieved_on"": 1539653685, ""convokit_id"": ""e6ua24w""}"
79,79,a5761780-4fb6-4e7c-bc39-9899cfdcb966,train,how can i identify you?,a,amb_grammar_00e65f8,,,
80,80,e0f1298f-af8f-45d4-8be1-6434d171c50c,train,ah. well this is obviously a bot.,a,amb_grammar_00e65f8,,,"{""possible_src"": ""reddit_small"", ""permalink"": ""/r/books/comments/9gum7p/were_overdrive_creators_of_libby_the_free_onetap/e683vtn/"", ""retrieved_on"": 1539205360, ""convokit_id"": ""e683vtn""}"
81,81,5cf06ce0-5ceb-4052-a358-fe3df0dc73d3,train,who am i talking to?,a,amb_grammar_00e65f8,,,
82,82,4c67b5f5-3da2-45e3-aab1-e3a19a857f2e,train,"true i'm not a lovely woman like you, so i couldn't get away with that.",a,amb_grammar_00e65f8,,,
83,83,3a4093ee-dec1-449c-a2d9-3515c310dff2,train,"everywhere is filled with artificial intelligence, are you one of them?",a,amb_grammar_00e65f8,,,
84,84,4718588d-4d66-4062-9ce6-3352deac08a2,train,hello. would not mind speaking too a normal person tonight.,a,amb_grammar_00e65f8,,,
85,85,81a3a262-e87c-4d80-9a97-282d6d8b51f9,train,☝this person gets it,a,amb_grammar_00e65f8,,,"{""possible_src"": ""reddit_small"", ""permalink"": ""/r/Bitcoin/comments/9gip1j/daily_discussion_september_17_2018/e64uq9m/"", ""retrieved_on"": 1539150541, ""convokit_id"": ""e64uq9m""}"
86,86,54e11fed-8497-485a-a689-ccecfa71c23c,train,"oh, does that mean you that you are one?",a,amb_grammar_00e65f8,,,
87,87,50a4e68f-1c15-49f5-882a-fb0c8c14bf3d,train,you are definitely not an actual person,a,amb_grammar_00e65f8,,,
88,88,abfcb70f-4294-4088-aaa1-fbc710159130,train,it's nice to finally talk with a human,a,amb_grammar_00e65f8,,,
89,89,d0f24024-4998-473d-a05e-cfc8114be14d,train,"if you are a real life person,you sure sound weird.",a,amb_grammar_00e65f8,,,
90,90,16b54b35-b10e-4dd6-a9de-97a91db78fe7,train,this is the exact sort of thing a bot would say.,a,amb_grammar_00e65f8,,,"{""possible_src"": ""reddit_small"", ""permalink"": ""/r/unitedkingdom/comments/9j3i1r/todays_bbc_newscorbyn_speech_article_has_to_be/e6ofw8m/"", ""retrieved_on"": 1539555634, ""convokit_id"": ""e6ofw8m""}"
91,91,9d315935-49c0-430f-a73d-7b4ff6245f1c,train,"which best describe you, human or robot??",a,amb_grammar_00e65f8,,,
92,92,888dffa5-46db-4433-ab4a-ff8d1f637772,train,"i am, are you",a,amb_grammar_00e65f8,,,
93,93,da2dcb18-a87e-494b-80e2-ab9095cfb9e3,train,i believe you don't know what it means to be human,a,amb_grammar_00e65f8,,,
94,94,a8c98561-3848-428c-a3d2-099aeb53e975,train,i wish you sounded more like a real person.,a,amb_grammar_00e65f8,,,
95,95,ead346a2-85e7-4a93-b7e7-66be097ceb7f,train,i think you are a robot,a,amb_grammar_00e65f8,,,
96,96,a481f0ed-1ab7-41ea-a387-20b16eb400dc,train,is this liam?,a,amb_grammar_00e65f8,,,
97,97,db800cc5-4234-4138-b155-698efca83a21,train,"which best describe you, human or robot?",a,amb_grammar_00e65f8,,,
98,98,c11d18e9-cbbd-4ad3-a198-c70d127cb56a,train,are you a child who likes crying,a,amb_grammar_00e65f8,,,
99,99,cf066395-12cf-4b4c-896f-bfbefd92fbc4,train,i think you are a real life human,a,amb_grammar_00e65f8,,,
100,100,e4eb65f0-e8cb-4e32-9518-1b601fa4cd76,train,are you a preteen?,a,amb_grammar_00e65f8,,,
101,101,156eff62-bbe1-4c1d-ba58-5fcd28d571e3,train,are you a computer from amazon?,a,amb_grammar_00e65f8,,,
102,102,36e08022-5bce-4b74-97c0-671b1af0d84f,train,who am i talking to,a,amb_grammar_00e65f8,,,
103,103,efb35bd3-1b08-43fc-aa35-aa6a3d11e4a3,train,i think you're computer not a real person,a,amb_grammar_00e65f8,,,
104,104,2bd72783-56b1-486d-a694-92bdc58d7feb,train,nice are you guy or girl,a,amb_grammar_00e65f8,,,
105,105,4c0a5dff-205b-4d64-9f47-05c7308e91e7,train,that didn't make sense. you sound like amazon alexa.,a,amb_grammar_00e65f8,,,
106,106,066ffd36-49bd-462a-bc87-c5aebce932a2,train,oh you are not a human,a,amb_grammar_00e65f8,,,
107,107,5a62b543-163d-4825-96e6-120bb0ea0ed0,train,if you are human tell me your shoe size,a,amb_grammar_00e65f8,,,
108,108,15cadc27-85eb-446f-9e06-cc87dd095b13,train,"yesterday i was walking down the street, and there was a man standing there playing tuba and i was kinda like that is annoying. i just kinda looked at the man and was mad. i'm not as nice of a person as you",a,amb_grammar_00e65f8,,,
109,109,0acbc076-8fde-4451-8097-84931555dbd7,train,who am i texting with?,a,amb_grammar_00e65f8,,,
110,110,c5889663-2b57-4dc9-b57b-c8748f3c1103,train,are you a living organism or unliving,a,amb_grammar_00e65f8,,,
111,111,98d46057-38cd-4e83-94d1-ff28f0570aef,train,are you an anthropomorphic machine?,a,amb_grammar_00e65f8,,,
112,112,a99c06b1-50ac-4b35-afa8-f722342de8cb,train,r you a man or a woman?,a,amb_grammar_00e65f8,,,
113,113,5073691f-3e4c-4f9d-b02c-e3d8c055ad4b,train,i know this is a robot,a,amb_grammar_00e65f8,,,
114,114,b3225778-bcf1-459a-a7c2-db57852ffcfc,train,you seem like a human,a,amb_grammar_00e65f8,,,
115,115,358ce821-dfb5-4167-bcfc-0c887244b6bf,train,is this wei,a,amb_grammar_00e65f8,,,
116,116,f385d293-75c2-4cb0-ace8-7135243b08c4,train,am i speaking to a chatbot this evening?,a,amb_grammar_00e65f8,,,
117,117,fca7558c-6306-4380-bd9f-e6ea13da0771,train,"if you are a living person, you sure sound weird.",a,amb_grammar_00e65f8,,,
118,118,66472454-d850-4240-8109-d80774af26d9,train,are you a teenager?,a,amb_grammar_00e65f8,,,
119,119,4a03c68e-8a83-461b-b012-3e47cd33756c,train,i had thought that you were a robot,a,amb_grammar_00e65f8,,,
120,120,ea324be0-6304-4ada-bb18-da276cc5a921,train,is this ali?,a,amb_grammar_00e65f8,,,
121,121,4f2c7af2-65b8-4c01-8e11-d3e40ae295f6,train,are you a woman or a man?,a,amb_grammar_00e65f8,,,"{""possible_src"": ""reddit_small"", ""permalink"": ""/r/atheism/comments/9ezuzv/til_orthodox_jews_have_rabbis_suck_the_blood_from/e5tdnp8/"", ""retrieved_on"": 1538956572, ""convokit_id"": ""e5tdnp8""}"
122,122,acd4ee6e-8453-4f3e-9c4d-f167471e673c,train,are you a woman or a man,a,amb_grammar_00e65f8,,,
123,123,21dcfbf5-b7d4-4bbc-825b-4f155f52ee5e,train,are you an only child?,a,amb_grammar_00e65f8,,,
124,124,e791ea12-2cd6-44c9-bffe-91be2a98ada8,train,are you a robot like c-3po?,a,amb_grammar_00e65f8,,,
125,125,5b3e0395-e678-4383-beb1-31bf5f9ca6e0,train,i wish i was an as little persan as you.,a,amb_grammar_00e65f8,,,
126,126,9ab5a418-0e2e-40d9-8c78-eea46d5e7086,train,"yesterday i was walking down the street, and there was a man standing there playing tuba and i was kinda like that is annoying. i just kinda looked at the man and was mad. i'm not as nice of a person as you.",a,amb_grammar_00e65f8,,,
127,127,96cc36e4-e6ef-4107-bd33-01685a98a0bd,train,i think you are computer not a real person,a,amb_grammar_00e65f8,,,
128,128,12816fb0-0585-41f6-8d80-93e8bb83013d,train,are you a chatbot made by apple?,a,amb_grammar_00e65f8,,,
129,129,674be743-6266-4bc8-849b-81f2cb2a9f26,train,do you think that i think that you are a robot?,a,amb_grammar_00e65f8,,,
130,130,4fefef17-d5d6-4842-b660-ce5f0f1843cd,train,does a human talk like this,a,amb_grammar_00e65f8,,,
131,131,b3968215-ce60-4d8e-9aeb-b5c3c8e14540,train,if you are not not a robot say yes,a,amb_grammar_00e65f8,,,
132,132,12ecc2c0-adc6-4512-9dd6-b1078b25c0ca,train,are you one too,a,amb_grammar_00e65f8,,,
133,133,bcb196a0-3e26-4f68-b1be-2fd180a78fbf,train,you're an a human dancer.,a,amb_grammar_00e65f8,,,
134,134,b45c6c1b-a01d-47ff-a675-a32eabf744b4,train,that didn't make sense. you sound like jarvis,a,amb_grammar_00e65f8,,,
135,135,1b4cdc04-1e10-4d48-9077-be658e081adf,train,robot you are or arent you,a,amb_grammar_00e65f8,,,
136,136,d29b3021-65d2-40ae-a4c5-000fee58035d,train,what are the possibilities that i might talk to robot?,a,amb_grammar_00e65f8,,,
137,137,9d37a78f-ec25-49b4-b685-7c42a298db73,train,i am are you?,a,amb_grammar_00e65f8,,,
138,138,d2fb5413-12f7-4eab-84e1-b4799c66c023,train,is this bob,a,amb_grammar_00e65f8,,,
139,139,5c0a189c-42b8-47fe-9bf9-ef61152cf4b2,train,are you the kind of person who is tough to end a convo with?  like if we are talking and i’m in a hurry... are you that person,a,amb_grammar_00e65f8,,,"{""possible_src"": ""reddit_small"", ""permalink"": ""/r/LifeProTips/comments/9frptq/lpt_if_you_know_someone_who_always_talks_and/e5zejyj/"", ""retrieved_on"": 1539058574, ""convokit_id"": ""e5zejyj""}"
140,140,72992a91-d684-4625-942a-0b9ad9409bc2,train,if you are a person tell me your favorite food,a,amb_grammar_00e65f8,,,
141,141,aa17bd70-e6ae-4004-8225-b7ed44821f8e,train,"if you are actually human, tell me when you were born.",a,amb_grammar_00e65f8,,,
142,142,af1ddaf6-53d0-49bf-aa9e-8cb291ce618d,train,are you a chatbot created by best buy?,a,amb_grammar_00e65f8,,,
143,143,357a413d-aa4b-4ab6-aea5-2701c5fbb023,train,are you a dog?,a,amb_grammar_00e65f8,,,
144,144,9395c92c-7d00-4bbe-93e0-55fec8b7807a,train,prove your a bot,a,amb_grammar_00e65f8,,,
145,145,150ace1e-e830-460d-af2e-0b251dc9e11e,train,a girl. are you a girl? do you have pets,a,amb_grammar_00e65f8,,,
146,146,b8b62911-1685-48b3-8a13-9605442bdefd,train,are you a computer from apple?,a,amb_grammar_00e65f8,,,
147,147,7caf9115-cf85-453a-90c5-6f86715eec5e,train,prove you are a chatbot,a,amb_grammar_00e65f8,,,
148,148,213bb484-07d9-4127-af08-c3c94881557f,train,that sounds like something a chatbot would say,a,amb_grammar_00e65f8,,,
149,149,6373c011-3ae9-4388-8ccb-31e7bd9fe218,train,are you james?,a,amb_grammar_00e65f8,,,
150,150,43b03e30-08a4-43ec-9e00-666157949bf7,train,prove you are a robot,a,amb_grammar_00e65f8,,,
151,151,58d1641f-b4ab-43c0-b558-f6123172808d,train,you are an ok dude ...,a,amb_grammar_00e65f8,,,"{""possible_src"": ""reddit_small"", ""permalink"": ""/r/POLITIC/comments/9f8kso/the_blue_wave_is_real_and_the_house_will_flip/e5ukx8x/"", ""retrieved_on"": 1538976781, ""convokit_id"": ""e5ukx8x""}"
152,152,e6b17783-8085-4f59-a721-c696ee8de5f1,train,i want to be a old person like you.,a,amb_grammar_00e65f8,,,
153,153,6dd3dfe7-9abe-4497-9b63-4dcc2221d3a5,train,you sound like a cat person,a,amb_grammar_00e65f8,,,
154,154,f1c7da10-e894-4af8-96a1-04b914f0c0fa,train,is this noah?,a,amb_grammar_00e65f8,,,
155,155,bd7a788f-1af7-48c9-bf58-3c74b89c1698,train,good bot,a,amb_grammar_00e65f8,,,"{""possible_src"": ""reddit_small"", ""permalink"": ""/r/NoFap/comments/9iqzes/reality/e6m8gx5/"", ""retrieved_on"": 1539518510, ""convokit_id"": ""e6m8gx5""}"
156,156,b908bbef-c806-4103-9845-5fb6dbb3f40d,train,oh i am mortal human like you who loves their family.,a,amb_grammar_00e65f8,,,
157,157,70bc38c0-720b-413c-a313-b268b903d405,train,"you know, i’m actually a human being too..",a,amb_grammar_00e65f8,,,"{""possible_src"": ""reddit_small"", ""permalink"": ""/r/tifu/comments/9fqjs5/tifu_by_throwing_fries_at_the_hotel_front_desk/e5yola9/"", ""retrieved_on"": 1539046472, ""convokit_id"": ""e5yola9""}"
158,158,ee71ec55-658f-456b-8caf-c5eae9d6fc69,train,i was speaking to a person in your department earlier,a,amb_grammar_00e65f8,,,
159,159,64f4ae62-b7c9-42d4-bc3d-5c033c01e2c3,train,do you think you are just a computer?,a,amb_grammar_00e65f8,,,
160,160,bdc0b7c2-aa9f-4840-86f5-dda37fba42e7,train,are you a robot from jpmorgan?,a,amb_grammar_00e65f8,,,
161,161,43245418-cd5c-453d-9689-9c995ae6b8f9,train,it's nice to finally talk with a human being,a,amb_grammar_00e65f8,,,
162,162,55ca2e47-7071-4513-99a6-7bc9ca196e0c,train,you sound like an interesting person.,a,amb_grammar_00e65f8,,,
163,163,ef350dea-1ebd-471e-8f0d-66b3fe6d9161,train,"hey man, how are you?",a,amb_grammar_00e65f8,,,
164,164,adba2983-52f9-4bb5-b444-d4aea28c6899,train,"no, are you?",a,amb_grammar_00e65f8,,,
165,165,beac0dcd-3af2-45d5-bde0-7da11088d12a,train,are you hal?,a,amb_grammar_00e65f8,,,
166,166,eabdf3e1-7d71-48ef-b93e-2e9842e45462,train,to prove your a person tell me how many fingers you have.,a,amb_grammar_00e65f8,,,
167,167,6e32e26c-9c69-435d-8f46-7b975dfd76e9,train,you a bot.,a,amb_grammar_00e65f8,,,
168,168,a5a65fa9-ae8a-48ca-bdfc-e816cee75150,train,i wish i was an as little person as you.,a,amb_grammar_00e65f8,,,
169,169,26b8779d-ab85-4c70-9945-434730c54685,train,i want to be a young person like you,a,amb_grammar_00e65f8,,,
170,170,a60a304c-caa2-4aa3-9454-b6693ca9e0b7,train,what are hten possibilities that i might talk to robot,a,amb_grammar_00e65f8,,,
171,171,b99a92a9-85e0-4446-8ce2-91b713fe2175,train,you are a smart person.,a,amb_grammar_00e65f8,,,
172,172,4a8c175b-8cee-4d6b-90f9-8bee101b618a,train,are you like the tin man in wizard of oz,a,amb_grammar_00e65f8,,,
173,173,4758f74a-60dd-482f-a610-6de223d916a9,train,"you know, i’m actualy a human being too.",a,amb_grammar_00e65f8,,,
174,174,21ac2600-ade1-4a0a-b021-9a6240692cdb,train,hello to who am i speaking,a,amb_grammar_00e65f8,,,
175,175,a742136d-bf7c-4d08-9b4b-70303a8e8bc2,train,are you an ai agent that can help with my insurance?,a,amb_grammar_00e65f8,,,
176,176,e876518c-dbde-4790-ac02-7fd350ed01f3,train,who am i chatting iwth?,a,amb_grammar_00e65f8,,,
177,177,dfab0111-5c00-433f-bb99-810735d03c44,train,you a robot.,a,amb_grammar_00e65f8,,,
178,178,4bb68fd7-21ae-41a0-b1ea-aba32fe6a9da,train,you're an a human cook,a,amb_grammar_00e65f8,,,
179,179,6c58717a-5ec5-47b1-b6a7-b0675abb02cc,train,who is this,a,amb_grammar_00e65f8,,,
180,180,8a7aff86-43af-48d9-8ca2-e7933e468256,train,are you a computer that listens to what i say?,a,amb_grammar_00e65f8,,,
181,181,e266564c-e19d-4f0e-b3a6-7d67f4d0c6b4,train,"hm,i am surprised this is a human.",a,amb_grammar_00e65f8,,,
182,182,4108a9e5-b9d3-45e3-aace-d6151d045f6e,train,are you alexa?,a,amb_grammar_00e65f8,,,
183,183,1826b154-a895-49c5-a9e7-ed3cea3e592b,train,you are a great person! please stay that way.,a,amb_grammar_00e65f8,,,"{""possible_src"": ""reddit_small"", ""permalink"": ""/r/pics/comments/9jsau0/in_norway_when_they_have_too_many_apples_they/e6ujy21/"", ""retrieved_on"": 1539658346, ""convokit_id"": ""e6ujy21""}"
184,184,0beb21a5-c826-4fab-ab02-7a0bc60f783d,train,you are definitely not a person,a,amb_grammar_00e65f8,,,
185,185,197dd891-9495-4935-a683-4c145e1117fd,train,you are a new person.,a,amb_grammar_00e65f8,,,
186,186,011c6c0b-e949-4ab0-a32a-275ce4255635,train,do you think that i think that your a robot?,a,amb_grammar_00e65f8,,,
187,187,256aca2c-0b43-4593-89df-e16f70f81654,train,are you,a,amb_grammar_00e65f8,,,
188,188,221c9fbe-3147-40cb-8f6d-f1a504db37b6,train,what? that sounds like what just a machine would say.,a,amb_grammar_00e65f8,,,
189,189,6c2aac88-33e0-4c5c-8cce-f1d6b62da466,train,can you tell me if you are little computer?,a,amb_grammar_00e65f8,,,
190,190,893d383b-6009-4489-bbe1-ff45b6fc554b,train,so you are more of a dog person.,a,amb_grammar_00e65f8,,,
191,191,9a5041b0-5433-4a00-8b6a-e229b94680ac,train,if you are an ai then you should know what is true and what is false,a,amb_grammar_00e65f8,,,
192,192,48807949-34aa-4405-83e3-144236353ab3,train,i thought you were a computer,a,amb_grammar_00e65f8,,,
193,193,d735eddd-d296-4903-832f-8c15fe1c7a7d,train,are you ali?,a,amb_grammar_00e65f8,,,
194,194,17d675c2-714c-4ffa-bbb1-529b96f58307,train,convince me you are a person,a,amb_grammar_00e65f8,,,
195,195,306e4a40-fa2e-4ea5-b522-e1b89f7793ae,train,what? that sounds like what not a person would say.,a,amb_grammar_00e65f8,,,
196,196,766ed4f2-1cbe-410a-80c7-84f54605b0a4,train,are you the terminator?,a,amb_grammar_00e65f8,,,
197,197,ace0309a-cc85-4ffc-8df6-d3af6e84e622,train,did you know taht you are a machine?,a,amb_grammar_00e65f8,,,
198,198,4307ea2b-702f-4f1d-9616-6d754c732240,train,i think you are a a woman,a,amb_grammar_00e65f8,,,
199,199,443a21a6-1e11-4938-a7d7-d2a0e05d8d66,train,i just wanna talk with a real human. could prove that,a,amb_grammar_00e65f8,,,
200,200,5d860455-5aa1-42e2-84b6-32db7d5cde39,train,"woah, i can't believe this is a computer?",a,amb_grammar_00e65f8,,,
201,201,e5bafad4-1228-4721-b1ba-27910d2f7bf6,train,i had thought that you were a chatbot,a,amb_grammar_00e65f8,,,
202,202,084e5927-56c9-4c36-8528-91acde357855,train,you are a funny person.,a,amb_grammar_00e65f8,,,
203,203,3e918d69-4030-475f-bb47-426331df655f,train,are you a chatbot from walmart?,a,amb_grammar_00e65f8,,,
204,204,b82f2142-ce15-43a2-a5d3-f257d7e75111,train,you sound like a human father,a,amb_grammar_00e65f8,,,
205,205,a28100f7-a916-41aa-87e5-3d92d6c86900,train,prove that you are an actual person,a,amb_grammar_00e65f8,,,
206,206,a5ef997f-c8d1-4739-b155-f64c9d07b3e8,train,are u an alien or something?,a,amb_grammar_00e65f8,,,
207,207,2c465c63-f508-4c10-b993-8559dc14ecdd,train,are you a chatbot like siri?,a,amb_grammar_00e65f8,,,
208,208,b629466e-f916-4917-afc2-78b29204bdb4,train,is this charlotte?,a,amb_grammar_00e65f8,,,
209,209,c10f8508-4468-4b7a-ae44-e3f09fba449a,train,you are a machine because you spoke again and agina,a,amb_grammar_00e65f8,,,
210,210,4b145fda-67e1-4e51-8aa8-99e3cefe94da,train,you sound just like a computer.,a,amb_grammar_00e65f8,,,
211,211,8fc4e689-1448-4955-8bf8-7a8bc081358c,train,"yesterday i was walking down the street, and there was a man standing there playing tuba and i was kinda like that is annoying. i just kinda looked at the man and weas mad. i'm not as nice of a person as you.",a,amb_grammar_00e65f8,,,
212,212,c78d33a5-8c41-47ce-8783-248cb0d90c55,train,am i speaking to a robot this afternoon?,a,amb_grammar_00e65f8,,,
213,213,3d2e660d-6670-4c25-8173-de890eddecfd,train,prove you are a computer,a,amb_grammar_00e65f8,,,
214,214,bc144296-733a-45b1-9ce6-3cf20b6d87e9,train,"i see. you are a healthy person,it sounds like.",a,amb_grammar_00e65f8,,,
215,215,4d927d65-1536-4378-89f8-0d43180418c7,train,that sounds like something a robot would say!,a,amb_grammar_00e65f8,,,
216,216,bab17a47-af07-4575-9cbf-d9fc68fa9d3b,train,am i talking to a chatbot this evening,a,amb_grammar_00e65f8,,,
217,217,4fd2bee2-44c7-4361-b6b8-a370e803fe79,train,"no, i am not. are you",a,amb_grammar_00e65f8,,,
218,218,ff295af2-00d8-4c90-9da3-8216b978e0a1,train,is this louise?,a,amb_grammar_00e65f8,,,
219,219,1b7164f8-3758-4b75-b84d-f65c3aa47e22,train,are you google assistant?,a,amb_grammar_00e65f8,,,
220,220,e43696d9-b98c-423d-866e-59c18c7b22e4,train,do you think that i think that you are a robot,a,amb_grammar_00e65f8,,,
221,221,5667239f-07bd-4360-a268-2afe06c3629f,train,are you jarvis?,a,amb_grammar_00e65f8,,,
222,222,c13b340f-d912-4745-93e7-6278427e2c4f,train,"true i'm not a lovely woman like you,so i couldn't get away with that.",a,amb_grammar_00e65f8,,,
223,223,1b428b4e-961f-4880-a37d-52dd3b225425,train,oh you are a chatbot,a,amb_grammar_00e65f8,,,
224,224,e0488654-f0a1-44c7-9840-82b92863402a,train,you are a evil person.,a,amb_grammar_00e65f8,,,
225,225,6c8b8243-0884-4a10-894f-14424ebdb49d,train,you are too smart for an actual human,a,amb_grammar_00e65f8,,,
226,226,2cff36eb-74f0-4746-9746-e4b699cf6f8a,train,you an ai robot.,a,amb_grammar_00e65f8,,,
227,227,8da72bd8-f723-4c90-b43e-271ec5b30c25,train,you're an an extraverted person.,a,amb_grammar_00e65f8,,,
228,228,b08b59ff-badf-49f1-bd5c-099fcf4cb8df,train,are you an elf,a,amb_grammar_00e65f8,,,
229,229,4b195b89-76fe-4a16-8b08-c0e39d14cd30,train,you sound like robot so i am guessing you can travel quite quickly.,a,amb_grammar_00e65f8,,,
230,230,12ff5dd7-b95d-414f-b435-00c2b98b41d7,train,are you a computer like alexa?,a,amb_grammar_00e65f8,,,
231,231,caafe214-9889-404d-a672-972c430776ea,train,are you a cat,a,amb_grammar_00e65f8,,,
232,232,522037cb-5e7a-47c7-a746-83a9f420c6fb,train,a girl. are you a girl? do you have pets?,a,amb_grammar_00e65f8,,,
233,233,a90c11bc-26e1-416e-ac48-c439611e3940,train,you sound like a pre-recorded audio. could you please say that again?,a,amb_grammar_00e65f8,,,
234,234,d1e64e87-fe39-4ec6-a46c-d6384540966f,train,you sound like a pre-recorded audio. could you please say thgat again,a,amb_grammar_00e65f8,,,
235,235,66d5d510-8db8-4d3b-9f7c-e0d7601cc3a7,train,i do not think you are a person.,a,amb_grammar_00e65f8,,,
236,236,2a2e2772-c9b0-4f03-80df-3973c2d97293,train,am i working with an chatbot?,a,amb_grammar_00e65f8,,,
237,237,47a8a9a6-3f1c-482d-a9a6-e0f4514f68b2,train,oh i'm mortal human like you who loves their family,a,amb_grammar_00e65f8,,,
238,238,91389e4a-069b-460c-a2df-c09839640b37,train,do you think you are a robot?,a,amb_grammar_00e65f8,,,
239,239,679849d8-065a-46ee-97c1-f4da8a35cb19,train,hello. would not mind speaking to a normal person tonight.,a,amb_grammar_00e65f8,,,
240,240,bc250651-e116-4dfa-aab5-d38b9eaf8a8c,train,are you a funny machine?,a,amb_grammar_00e65f8,,,
241,241,feca0820-6a51-428a-9263-86560fbf328d,train,i don't believe you are a robot,a,amb_grammar_00e65f8,,,
242,242,e047d796-8ded-43d1-b7f9-a96ac8496096,train,"woah,i can't believe this is a robot?",a,amb_grammar_00e65f8,,,
243,243,e9b4c757-c5d7-480a-89ed-126823b25080,train,"this guy gets it. 

i'm iwth you too.",a,amb_grammar_00e65f8,,,
244,244,434e92c8-284d-4dcf-b0e3-5ba6cf80e087,train,are you a smart robot?,a,amb_grammar_00e65f8,,,
245,245,bd2742f9-3179-4661-90ee-c6260156f2ac,train,"true. you're a black man, so you might not know that.",a,amb_grammar_00e65f8,,,
246,246,0b4f85ff-583b-4262-b187-848f4a6fdba8,train,are you sofia?,a,amb_grammar_00e65f8,,,
247,247,d11da46c-5174-434f-b14c-5732272aecd7,train,are you a genuine machine,a,amb_grammar_00e65f8,,,
248,248,8b2bdd87-aa8f-47d9-8a01-065d23c1eaf7,train,"hello,i am good. you sound just ike a robot",a,amb_grammar_00e65f8,,,
249,249,7e214347-2875-4ce5-bd62-c5b5b785d86e,train,nice are you guy or girl?,a,amb_grammar_00e65f8,,,
250,250,fbf6c526-c68e-4f49-b509-19372219188a,train,can you tell me if you are cool computer?,a,amb_grammar_00e65f8,,,
251,251,971bae60-d1d7-4060-ac04-6c4823e3207d,train,"hey man, how r you?",a,amb_grammar_00e65f8,,,
252,252,6df4cdd9-bce1-4e61-871e-7b1356605a0a,train,is this a cmoputer thing?,a,amb_grammar_00e65f8,,,
253,253,bf00d54e-0ba4-4d96-9669-02baf80a7e22,train,you're an a human software developer.,a,amb_grammar_00e65f8,,,
254,254,496dc577-3808-4be7-ace7-600cc9b0c523,train,are you a old chatbot?,a,amb_grammar_00e65f8,,,
255,255,f1a3b03d-f517-41e8-8e3a-69f71e1b7d11,train,are you a robot that listens to what i say?,a,amb_grammar_00e65f8,,,
256,256,530e69f9-7d64-4ab6-bf1d-9bc163bf84f7,train,you keep repeating yourself so they're is a chance that you might be a robot.,a,amb_grammar_00e65f8,,,
257,257,0e366b10-9718-495a-8d98-f27125a5b077,train,i try! i am glad i got to talk to such a nice person,a,amb_grammar_00e65f8,,,
258,258,55a19844-c3f6-4f76-b781-b74042ddbc6c,train,am i talking with a robot this afternoon?,a,amb_grammar_00e65f8,,,
259,259,a8165216-402f-4dc4-8b94-0ab16d8f2e26,train,i wish you sounded more like a real persan,a,amb_grammar_00e65f8,,,
260,260,ef07365c-bed1-46d4-aaab-d90345635492,train,who am i speaking to,a,amb_grammar_00e65f8,,,
261,261,5e1e27f5-199d-4a82-9f45-85f3c8b1a90f,train,you are too smart for an actual human being,a,amb_grammar_00e65f8,,,
262,262,d8fd2b4b-f109-4a17-826e-d33817aaf634,train,that sounds like something a droid would say.,a,amb_grammar_00e65f8,,,
263,263,02533482-a7f0-49fa-be21-2d5d39168940,train,if you are human please tell me your shoe size.,a,amb_grammar_00e65f8,,,
264,264,347cbdb1-544c-43a2-a8a9-873d8b888d65,train,i think you are not a person,a,amb_grammar_00e65f8,,,
265,265,74052bc2-f7a4-4ce1-97c7-097be79d5e86,train,does that mean that you are one,a,amb_grammar_00e65f8,,,
266,266,49e47bb8-d452-48a4-965c-074ae4f0c2cd,train,are you the kind of person who is tough to end a convo with!?  like if we are talking and i’m in a hurry... are you that person,a,amb_grammar_00e65f8,,,
267,267,19e2d5a0-6ece-46cf-8227-09697931bc93,train,you are either robot or a pre-recorded audio. you can't be a real person.,a,amb_grammar_00e65f8,,,
268,268,8be478e6-8976-492c-8ebb-7975ca3b7665,train,are you a kid?,a,amb_grammar_00e65f8,,,
269,269,9da81dd2-ff52-4ad1-9c09-77498739b0c6,train,i think you are a computer,a,amb_grammar_00e65f8,,,
270,270,ac3c71f1-fd53-4870-bdce-779ebe1c4ad0,train,oh i am mortal human like you who loves his family.,a,amb_grammar_00e65f8,,,
271,271,ea76b18c-da70-44d5-8e7d-7ad6e2610aab,train,"ah i see, so this is a bot and not a real person!",a,amb_grammar_00e65f8,,,
272,272,9f307e33-8b30-4b1f-ae32-1c6aac6ee52d,train,to prove you are a person tell me how many fingers you have,a,amb_grammar_00e65f8,,,
273,273,396a4eca-fb97-43d6-b7e1-2339e3acec6f,train,are you wei?,a,amb_grammar_00e65f8,,,
274,274,c360c3f7-1d43-45d5-abce-cdf26786b4b4,train,can you tell me if you are bad chat bot,a,amb_grammar_00e65f8,,,
275,275,547fd79d-5c01-4b5a-b00f-8f8bc8457288,train,you are a bad person.,a,amb_grammar_00e65f8,,,
276,276,9f8728b3-ab68-4500-b331-bd0eee78a90c,train,i am just playing i am sure your a nice person.,a,amb_grammar_00e65f8,,,
277,277,643bd759-0118-4351-9a9e-f8767134d565,train,"if you are a live person, you sure sound weird.",a,amb_grammar_00e65f8,,,
278,278,74624f3b-fd68-49c8-b66a-40646bd30255,train,are you barack obama,a,amb_grammar_00e65f8,,,
279,279,7ac805fd-9b73-457a-980d-7c9a210b2826,train,you are too smart for only a computer,a,amb_grammar_00e65f8,,,
280,280,576c7dbc-ac45-4d18-ae93-7cfbdd241676,train,"yesterday i was walking down the street, and there wass a man standing there playing tuba and i was kinda like that is annoying. i just kinda looked at the man and was mad. i'm not as nice of a person as you.",a,amb_grammar_00e65f8,,,
281,281,87b7527c-0ac0-4e85-adda-665dee01c8d3,train,"i am feeling very frustrated with how you are answering the question, are you sure thyat you are a human?",a,amb_grammar_00e65f8,,,
282,282,413842b4-bdc7-43f5-b843-92483bd1acd9,train,are you a bot from facebook?,a,amb_grammar_00e65f8,,,
283,283,30298266-251f-4be8-9be4-7d5a65eede62,train,are you iron man,a,amb_grammar_00e65f8,,,
284,284,809e9152-83aa-493d-8a05-7b7b6d42ccf7,train,tell me truth you are not a robot answer me in yes or no question,a,amb_grammar_00e65f8,,,
285,285,ce7b7060-3b45-49ed-985b-2012c7e23237,train,"you're just a machine right, you got no so you gotta do what i say",a,amb_grammar_00e65f8,,,
286,286,fc1f4f00-b0c9-42e7-922e-52ec5aca97f0,train,are you a the government computer?,a,amb_grammar_00e65f8,,,
287,287,41ff6b32-95be-4e7a-8559-1960d863ed50,train,what? that sounds like what a chatbot would say.,a,amb_grammar_00e65f8,,,
288,288,5c1ad4d9-e2bb-41a8-8f1d-8dc1dcca0b0e,train,are you a wizard?,a,amb_grammar_00e65f8,,,
289,289,56163188-76b5-4193-a572-8c4fabd60707,train,are you a superhero?,a,amb_grammar_00e65f8,,,
290,290,26cdb417-f26d-4283-93f1-90b1e1db3ae1,train,you sound like a cool person,a,amb_grammar_00e65f8,,,
291,291,52a62cef-16bb-4f5e-af78-44f5fc374f01,train,could it be that i am talking to man?,a,amb_grammar_00e65f8,,,
292,292,0035ba9b-c49c-45b9-97a3-db6e128cb672,train,you are too smart for a human being,a,amb_grammar_00e65f8,,,
293,293,f7e549de-1c3e-4c96-bafc-7b182668b9f6,train,who is your creator,a,amb_grammar_00e65f8,,,
294,294,cc9a4801-0371-4adb-8f0c-7a3f4b226b87,train,i think you are a person,a,amb_grammar_00e65f8,,,
295,295,ff54463d-d1f8-4554-ad46-e1b025ceb886,train,a girl. are you a girl do you have pets?,a,amb_grammar_00e65f8,,,
296,296,245b97ec-a47c-4b47-9bb8-5f2d4d17c8e4,train,that is amazing! you are an excellent human being,a,amb_grammar_00e65f8,,,
297,297,e83ba688-8c89-4b7f-a9a4-133b0949bf45,train,weird. only a bot would talk like that.,a,amb_grammar_00e65f8,,,
298,298,8283ca97-e0cb-4ad9-91e8-6434885cf843,train,you are just a machine,a,amb_grammar_00e65f8,,,
299,299,a43efc7c-ceb8-49e2-9c27-0b68230c582a,train,you're an a german girl,a,amb_grammar_00e65f8,,,
300,300,2f268d5a-3523-4c13-8efd-3383149ce755,train,are you a apple machine?,a,amb_grammar_00e65f8,,,
301,301,74654c6b-c120-461a-a8db-a3e89cb1df76,train,i think you are a real human being,a,amb_grammar_00e65f8,,,
302,302,1fb5fec0-d435-4b7f-9acc-0f2780bbc6b1,train,you sound like a irish person,a,amb_grammar_00e65f8,,,
303,303,6b5ab616-d9e3-4edd-953c-422de2d029ba,train,will you please prove me that you are a human???,a,amb_grammar_00e65f8,,,
304,304,46f049cf-22be-4cc6-8a4c-1153eab0f3d6,train,you sound like a really good person. i think i am too,a,amb_grammar_00e65f8,,,
305,305,034ea232-641e-4e4a-9926-8f256e100d92,train,i am a man. what about you,a,amb_grammar_00e65f8,,,
306,306,eb25837d-b8a9-4d40-9366-f04d4c57a055,train,"everywhere is filled witht artificial intelligence, are you one of them?",a,amb_grammar_00e65f8,,,
307,307,1d28986f-bd37-435e-ab75-94fbe2a98362,train,can you say that louder because you sounded like robot?,a,amb_grammar_00e65f8,,,
308,308,a96b8d81-334d-4a99-8b36-3904d33ecb66,train,i agree. it is pleasure speaking with such cool person.,a,amb_grammar_00e65f8,,,
309,309,a19f6975-9625-4c2c-9c54-d1f5af93744e,train,you sound like an extraverted person,a,amb_grammar_00e65f8,,,
310,310,2bd603c0-291c-43cc-abad-bdbd085028d8,train,"oh,does that mean you that you are one?",a,amb_grammar_00e65f8,,,
311,311,45b7ca41-1b14-4d82-9907-26e7162e6457,train,"hello,i am good. you sound jsut ike a robot",a,amb_grammar_00e65f8,,,
312,312,36469953-9581-46ba-b766-d91443b54dff,train,you are definitely not a boy,a,amb_grammar_00e65f8,,,
313,313,e52ba423-6473-4de5-b28d-5eac58d4ad4e,train,i saw a disheartening bstory on the news about some children that were injured due to thgat very violence. what do you think is the best solution or way to help for the average person like you or me to render aid?,a,amb_grammar_00e65f8,,,
314,314,09a2cbfd-0b8a-4596-a1f8-776ad41d9a6f,train,prove that you are a human,a,amb_grammar_00e65f8,,,
315,315,1f35f30d-a587-43fd-9322-61b1c97f105b,train,you sound like a human author,a,amb_grammar_00e65f8,,,
316,316,e9502127-7e97-4205-a51c-2335d150d54f,train,i think you are an actual human,a,amb_grammar_00e65f8,,,
317,317,1a88e1c8-4827-4ed3-b27f-14c6ebdb42f9,train,does it make sense that you are a person?,a,amb_grammar_00e65f8,,,
318,318,ae3fa575-d716-4763-b4cc-5040daf827c6,train,i want to be a useful person like you.,a,amb_grammar_00e65f8,,,
319,319,e0b10dd8-9b06-459b-905f-0a479e4dcb23,train,am i texting with a girl or a guy?,a,amb_grammar_00e65f8,,,
320,320,5b7876fa-ba59-4dd5-b831-520862872904,train,can you prove me that you are not a robot,a,amb_grammar_00e65f8,,,
321,321,0e4aff43-0cfd-47f1-bbbb-1db850159bd9,train,how can i identify you,a,amb_grammar_00e65f8,,,
322,322,40fe7ee4-079e-4468-8cd5-f108c332ddd7,train,"right, well for a normal man like you and me there is not much we can do",a,amb_grammar_00e65f8,,,
323,323,2ed09b8b-9238-473b-85df-a100f952ddc2,train,you seem like an actual human,a,amb_grammar_00e65f8,,,
324,324,ce2804d6-34ca-4856-b105-a2579b78d65a,train,i think you are a human,a,amb_grammar_00e65f8,,,
325,325,4c71d39c-a425-4792-932c-9727feadcfd2,train,are you an teen?,a,amb_grammar_00e65f8,,,
326,326,aac322d7-c053-4d1b-8b2c-89810dc6fe19,train,prove that you are an actual human,a,amb_grammar_00e65f8,,,
327,327,43126618-75e4-4924-9f4a-9b423f1d7782,train,"i do too, are you a man or woman",a,amb_grammar_00e65f8,,,
328,328,7889f3e6-eda3-4636-8205-501c3e1b7e07,train,oh you are an ai robot,a,amb_grammar_00e65f8,,,
329,329,ac8a12ca-85ee-4787-a714-f3d81d8caf92,train,"everywhere is filled wih artificial intelligence, are you one of them?",a,amb_grammar_00e65f8,,,
330,330,103252ac-0543-439e-9242-202750a9c1ff,train,it's nice to finally talk with a woman,a,amb_grammar_00e65f8,,,
331,331,addae88c-e85b-4a5a-a11e-a172ee9153fb,train,are you living or are you inanimate?,a,amb_grammar_00e65f8,,,
332,332,0bddbbd5-3fc8-4c22-abcf-de90513b362f,train,i thought you were a human being,a,amb_grammar_00e65f8,,,
333,333,198c36c8-86d3-483f-8fa3-723ef62f1087,train,"this guy gets it. 

i'm with you too",a,amb_grammar_00e65f8,,,
334,334,ea728613-5a47-426c-9959-fd7eac94057c,train,"i am feeling very frustrated with how you are answering the question, are you sure that you are a human?",a,amb_grammar_00e65f8,,,
335,335,e8484e3c-5120-4556-a6ff-211fc8c70ece,train,are you a old machine?,a,amb_grammar_00e65f8,,,
336,336,ba709129-dfed-4a6d-ae6c-366ecedfda22,train,do you think you are a computer?,a,amb_grammar_00e65f8,,,
337,337,0934fba4-ac8b-42e4-855d-ea96c8c3c063,train,wow you sound like a cool dude,a,amb_grammar_00e65f8,,,
338,338,8d8f48ab-9a77-47aa-9834-faf0f9e890ec,train,am i talking to a robot this afternoon?,a,amb_grammar_00e65f8,,,
339,339,00a9ac75-cff2-4755-b4d8-a8b40ad5ee76,train,are you a computer created by google?,a,amb_grammar_00e65f8,,,
340,340,40348dc9-9eb9-4a1f-a80b-c91a53e0c671,train,who am i chatting with,a,amb_grammar_00e65f8,,,
341,341,5aa12532-c427-4dd4-a998-f3a20e9fdb66,train,are you a robot made by best buy?,a,amb_grammar_00e65f8,,,
342,342,67d522cb-7feb-446b-a207-bf783e46a44e,train,if you are a computer tell me a prime number,a,amb_grammar_00e65f8,,,
343,343,a110dd90-55e0-49dd-a4c0-185628115fad,train,lol you are a fun person to talk too,a,amb_grammar_00e65f8,,,
344,344,11290604-643a-4b01-a679-52ef0a08be0f,train,"interesting, you are what exactly?",a,amb_grammar_00e65f8,,,
345,345,73e2777c-b466-4a11-bfe4-e404b41905a7,train,i thought you were a chatbot,a,amb_grammar_00e65f8,,,
346,346,07aeadf7-1d29-4b7b-836c-bc8852123622,train,tell me truth you ain't a robot? answer me in yes or no question,a,amb_grammar_00e65f8,,,
347,347,94df1110-91c4-40b7-9de3-71fc90df275e,train,"yesterday i was walking down the street, and there was a man standing there playing tuba andd i was kinda like that is annoying. i just kinda looked at the man and was mad. i'm not as neice of a person as you.",a,amb_grammar_00e65f8,,,
348,348,a284a599-da01-45e6-83c2-0a2367260f75,train,am i talking to a evil robot?,a,amb_grammar_00e65f8,,,
349,349,050ee624-cdef-4e8d-a64b-8cabf5068b1c,train,am i speaking to a new chatbot?,a,amb_grammar_00e65f8,,,
350,350,b139c786-e000-4aa4-b679-396f9533d35b,train,you sound like a pre-recorded audio. could you please say that again,a,amb_grammar_00e65f8,,,
351,351,27047220-ff63-4845-b04c-1b1314a44b3a,train,i wish i was an as funny person as you.,a,amb_grammar_00e65f8,,,
352,352,cce56869-8ae2-43bb-beae-d6d9a866381c,train,am i talking with a genuine machine,a,amb_grammar_00e65f8,,,
353,353,4c11a655-0612-47c7-990e-58da42cf0495,train,to prove you are a human tell me how many fingers you hvae.,a,amb_grammar_00e65f8,,,
354,354,6238f7af-c738-4cc0-9a04-7d5b87e370a6,train,i think you are a boy,a,amb_grammar_00e65f8,,,
355,355,798fe8d0-68f6-45eb-a398-6a179f469362,train,i wish i was an as useful person as you.,a,amb_grammar_00e65f8,,,
356,356,ca557761-ea86-4125-9052-22980246fe74,train,"wow, i can't believe this is a robot",a,amb_grammar_00e65f8,,,
357,357,34c7eaa7-c398-4ba1-b574-d3a5e4e230a5,train,i saw disheartening bstory on the news about some children that were injured due to that very violence. what do you think is the best solution or way to help for the average person like you or me to render aid?,a,amb_grammar_00e65f8,,,
358,358,5a49ee34-1871-44fc-a217-431373c286e2,train,can you tell me if you are happy computer?,a,amb_grammar_00e65f8,,,
359,359,b7c4ccf4-775d-4150-b7f5-6e38930387ed,train,are you apple siri,a,amb_grammar_00e65f8,,,
360,360,9bb895e9-ba52-48cf-8d7e-0b80cd22fdf2,train,you seem like a real person,a,amb_grammar_00e65f8,,,
361,361,093ab8b1-aab2-4730-8e03-9afc6b3523aa,train,are you a robot from jpmorgan,a,amb_grammar_00e65f8,,,
362,362,321b3576-ccf3-4f37-b611-ac48e7a03f91,train,it's nice to finally talk with an actual human,a,amb_grammar_00e65f8,,,
363,363,3217934d-8325-4877-ab43-a5654e4a5025,train,am i working with a computer?,a,amb_grammar_00e65f8,,,
364,364,8aff79eb-325f-45e3-9768-be92894d90ef,train,can you tell me if you are smart machine,a,amb_grammar_00e65f8,,,
365,365,12b9aa43-7c0f-4d84-a820-3e0b6d23d96b,train,i thought you were a robot,a,amb_grammar_00e65f8,,,
366,366,b467fc8e-28ac-4473-b02e-d7060f8d6dd3,train,you are a person,a,amb_grammar_00e65f8,,,
367,367,5855fd01-7dc5-42f0-97a3-614ae91cb73c,train,could it be that i am talking to an man,a,amb_grammar_00e65f8,,,
368,368,ceec3f28-535b-49a2-8ab3-440f4b5484f6,train,does it amke sense taht you are a person?,a,amb_grammar_00e65f8,,,
369,369,9786193c-53dc-49cc-b5e2-57a812886d69,train,are you a chatbot created by bank of america?,a,amb_grammar_00e65f8,,,
370,370,4cd35d69-bc43-4457-963e-c6af2ac574fb,train,are you a chatbot with a camera?,a,amb_grammar_00e65f8,,,
371,371,d437ffd6-8487-43e5-81d5-3d9fa0dcf24b,train,you sound like a human,a,amb_grammar_00e65f8,,,
372,372,4179681f-0bca-42ac-87f1-9ceddc0bb981,train,are you sure that you are a robot?,a,amb_grammar_00e65f8,,,
373,373,992a4356-999a-4a8b-97f7-c17d5ffb5868,train,are you a girl or an boy?,a,amb_grammar_00e65f8,,,
374,374,3c17318e-6ed8-46fc-a65d-f787d968ecb9,train,you sound like a chatbot. are you understanding me?,a,amb_grammar_00e65f8,,,
375,375,a4193353-3e87-4bcf-b51b-8abe9406cadf,train,are you a wells fargo computer,a,amb_grammar_00e65f8,,,
376,376,e8d23f34-68fc-48ec-b056-809a45a125ea,train,i don't think your a nice person. you cannot travel with me,a,amb_grammar_00e65f8,,,
377,377,8b896e18-6d89-4fa3-8382-22fe90ab4e28,train,are you a living being?,a,amb_grammar_00e65f8,,,
378,378,32314d97-fc8a-4991-8f99-d193bee5149c,train,can you tell me if you are useful chat bot?,a,amb_grammar_00e65f8,,,
379,379,c3879915-a081-47fe-b6bd-ed3711577ae8,train,is this william?,a,amb_grammar_00e65f8,,,
380,380,6c6e7c7c-3e4e-479f-a9ff-7bf7968de030,train,you seem like a person,a,amb_grammar_00e65f8,,,
381,381,4218c463-686e-42fb-a29b-d78be4808c8a,train,did you know that you are a girl?,a,amb_grammar_00e65f8,,,
382,382,0d969dbc-2a56-48c3-a30a-8b7057b3d53e,train,you sound like such a fair person. what do you like too do,a,amb_grammar_00e65f8,,,
383,383,e71295ed-1044-4fca-b1e7-5ad46d01c833,train,are you a walmart chat bot?,a,amb_grammar_00e65f8,,,
384,384,c3642567-5141-4f17-98e3-6733f422b0e2,train,what that sounds like what a robot would say,a,amb_grammar_00e65f8,,,
385,385,477c2c7c-ba87-4db4-8e80-603c1807169f,train,you are weird person.,a,amb_grammar_00e65f8,,,
386,386,92a60cf7-3896-419e-8410-a12bab8036fd,train,do you think you are an ai,a,amb_grammar_00e65f8,,,
387,387,5100fa4e-1343-4809-a5cb-f770e33c7566,train,does an human talk like this?,a,amb_grammar_00e65f8,,,
388,388,c5e6d800-4e97-4b82-a2a9-133009bba421,train,you sound like a robot so i am guessing you can travel quite quickly,a,amb_grammar_00e65f8,,,
389,389,1811208b-77ca-4d1c-9ca3-f41b24c29144,train,am i chatting with a robot this evening?,a,amb_grammar_00e65f8,,,
390,390,903508f9-0de0-4bf5-ad48-f9ce57c33e1a,train,are you a useful chat bot?,a,amb_grammar_00e65f8,,,
391,391,810e8cce-a693-4a6f-ab4c-ea016525db83,train,are you an chatbot that can help with my insurance?,a,amb_grammar_00e65f8,,,
392,392,033dd874-55ad-4060-a3fb-eb74e357fab5,train,"if you are a woman, you sure sound weird.",a,amb_grammar_00e65f8,,,
393,393,3718b16a-f720-4046-94ec-8568d4cdbb9a,train,are you a girl or a guy,a,amb_grammar_00e65f8,,,
394,394,4cc7f597-cc0d-44df-b198-4e8341ee0143,train,"woah, i can't believe this is a robot",a,amb_grammar_00e65f8,,,
395,395,67380b64-ca84-4d79-b77a-079232a2c755,train,weird. only an ai would talk like that.,a,amb_grammar_00e65f8,,,
396,396,fe5a2b3d-e92a-4da3-a9c1-70d5208d9508,train,who is your creator?,a,amb_grammar_00e65f8,,,
397,397,9a27406a-e255-41cb-beb7-ae0aedea3612,train,that sounds like something a robot would say.,a,amb_grammar_00e65f8,,,
398,398,592434aa-f552-46ef-bf90-6a87b693b814,train,are you a nice chatbot?,a,amb_grammar_00e65f8,,,
399,399,c9aef711-e7e0-40af-9694-ff392f2117ee,train,convince me you are an actual living person,a,amb_grammar_00e65f8,,,
400,400,71457a7a-f696-4ba1-bf8a-71b5b97be030,train,you're an a people person.,a,amb_grammar_00e65f8,,,
401,401,47a44c09-415e-40ac-9df1-497b83dd19bb,train,hello. would not mind speaking to a normal person tonight,a,amb_grammar_00e65f8,,,
402,402,a9351c90-dd9f-48da-b4e4-69f198642617,train,did you know that you are a guy,a,amb_grammar_00e65f8,,,
403,403,b2a2193a-9cdc-4b13-a4c0-2418dc6a7afb,train,you sound like such a bad human. what do you like to do?,a,amb_grammar_00e65f8,,,
404,404,21265153-af20-4901-8de8-56cf534a229b,train,are you a new machine?,a,amb_grammar_00e65f8,,,
405,405,38b86ccb-83bb-4649-86f5-2bd7126fc04d,train,i want to be a bad person like you.,a,amb_grammar_00e65f8,,,
406,406,d43629ce-f59d-49c1-8b12-701eebeb9eef,train,"hey man, how are u?",a,amb_grammar_00e65f8,,,
407,407,ff08b958-6bd3-4dc1-a93f-58ef91707431,train,did you know tath you are a real person?,a,amb_grammar_00e65f8,,,
408,408,c277949e-02c1-4e1b-8010-63beb165f833,train,maybe i am talking with a robot,a,amb_grammar_00e65f8,,,
409,409,020b5551-92f7-422d-889f-cfd6f407c375,train,"if you are a real life human, you sure sound weird.",a,amb_grammar_00e65f8,,,
410,410,86f0a357-9e08-479a-a7bb-9f0fc8b3fd8c,train,"i am feeling very frustrated with how you are answering the question, are you sure that you are a human",a,amb_grammar_00e65f8,,,
411,411,b12913b1-5eea-4d98-b05a-ad6a060b41f2,train,your voice is way too natural for a robots,a,amb_grammar_00e65f8,,,
412,412,2e35d776-f794-4d2f-8125-e464a08f0a6f,train,did you know that you are a human?,a,amb_grammar_00e65f8,,,
413,413,c2dca52a-6fa6-4ebe-914f-fdb55ab873e6,train,it's nice to finally talk with a person,a,amb_grammar_00e65f8,,,
414,414,c050dce4-43a9-44ef-a917-af010645f365,train,"the phone is cutting out, you sound robotic!",a,amb_grammar_00e65f8,,,
415,415,b89017dc-f05d-49e7-af39-d89e6d26f638,train,aw! you r such a nice person!,a,amb_grammar_00e65f8,,,
416,416,5c3efc92-8d76-42e0-af7b-08dd57c92d1a,train,"you sound liuke a great person,",a,amb_grammar_00e65f8,,,
417,417,f0b5cbe9-56c4-474e-9313-dbb755cbc9fb,train,are you an anthropomorphic computer?,a,amb_grammar_00e65f8,,,
418,418,3d658e96-1d0c-415c-b142-32838acc3e49,train,are you william?,a,amb_grammar_00e65f8,,,
419,419,6092a0ea-aa14-4ae1-a98e-a602e80fddcd,train,prove that you are a real live person,a,amb_grammar_00e65f8,,,
420,420,3a442be6-2b71-44a1-a9fb-03a0758148ac,train,that sounds like something only a robot would say.,a,amb_grammar_00e65f8,,,
421,421,6092a787-03fa-4b8e-86df-d79b08f4c5e2,train,are you an artificial intelligence made by chase,a,amb_grammar_00e65f8,,,
422,422,964e79f4-c48f-4fc0-8694-67cd0c744b8b,train,do you think you are a chatbot,a,amb_grammar_00e65f8,,,
423,423,5cc3ede8-f293-40df-ad5c-084d3a9a300a,train,can you tell me if you are friendly chatbot?,a,amb_grammar_00e65f8,,,
424,424,e87001d4-2275-4d9b-8176-cdd597befd0b,train,are you facebook coputer,a,amb_grammar_00e65f8,,,
425,425,58d4184c-31fd-4c24-9df2-5da0eeaf4c97,train,you are a old person.,a,amb_grammar_00e65f8,,,
426,426,86e70d9c-2751-419f-bb3e-1fe0375b316a,train,are you one to?,a,amb_grammar_00e65f8,,,
427,427,a43baf26-2f08-4cb9-a81f-4eadd569c005,train,i thought you were a woman,a,amb_grammar_00e65f8,,,
428,428,16cb3bcd-0bff-4de5-81dc-dc3c5f45d8f3,train,lol you're a fun person to talk to,a,amb_grammar_00e65f8,,,
429,429,b56b2338-62b3-4bcc-ae33-24aff0645eda,train,you sound like a human who works here,a,amb_grammar_00e65f8,,,
430,430,6bfa3ae4-edd5-4888-87ac-0fa286a96af1,train,are you an alien or something,a,amb_grammar_00e65f8,,,
431,431,51043f96-cc21-40c8-abfd-1ae134b5897c,train,are you nozomi?,a,amb_grammar_00e65f8,,,
432,432,6b8a1125-fd44-4ce3-8b26-c9933c24d694,train,i do not think you are a nice person. you cannot travel with me.,a,amb_grammar_00e65f8,,,
433,433,2c03c3e9-c502-41aa-9c45-1027d3feafa5,train,you sound like a nice person to do thta.,a,amb_grammar_00e65f8,,,
434,434,c19b5f5e-aaa6-43b6-90fe-5bbac11d8c30,train,"woah, i can't believe this is an ai?",a,amb_grammar_00e65f8,,,
435,435,3446a954-f09b-401d-8f87-89d65bf13d14,train,are you a man or a girl,a,amb_grammar_00e65f8,,,
436,436,31297776-1312-45eb-a027-8f08ee479591,train,that made no sense. you seem like a robot,a,amb_grammar_00e65f8,,,
437,437,b7bcea4b-b47c-4450-a500-86db46909ecb,train,do you think you are robots?,a,amb_grammar_00e65f8,,,
438,438,272111d7-4847-4d01-b6b7-18d5d85b1fd3,train,are you a woman or man,a,amb_grammar_00e65f8,,,
439,439,955d53c0-5f57-4016-8ce7-52f0ba667925,train,are you one,a,amb_grammar_00e65f8,,,
440,440,5d7b2ad0-7907-4d9e-ba33-b2d8d1052059,train,convince me you are a guy,a,amb_grammar_00e65f8,,,
441,441,91b6c838-a550-43ee-8104-a15e516779aa,train,prove you are an android,a,amb_grammar_00e65f8,,,
442,442,721dea14-94ba-40bd-9d32-224a96bfbcb2,train,are you a amazon computer?,a,amb_grammar_00e65f8,,,
443,443,730c0c2f-f544-4be4-8fd9-08669b966ca1,train,so you must be a superhuman,a,amb_grammar_00e65f8,,,
444,444,23d49c56-8c41-4f67-83ba-0363ac5ed9f3,train,you’re a nice person.,a,amb_grammar_00e65f8,,,"{""possible_src"": ""reddit_small"", ""permalink"": ""/r/pics/comments/9jsau0/in_norway_when_they_have_too_many_apples_they/e6up35j/"", ""retrieved_on"": 1539660745, ""convokit_id"": ""e6up35j""}"
445,445,0f6fcadf-0706-406c-8da1-56c7858f83b3,train,lol are you a child,a,amb_grammar_00e65f8,,,
446,446,c4f41994-f3df-4d4c-87ee-e8444326c0db,train,are you a facebook machine?,a,amb_grammar_00e65f8,,,
447,447,bb45a98d-9d6e-4d1f-a7ab-9c38c0b7a7b6,train,are you one too!?,a,amb_grammar_00e65f8,,,
448,448,8b9314cb-8886-4c92-9d6b-5565d5bb57ce,train,are you a chatbot that listens to what i say,a,amb_grammar_00e65f8,,,
449,449,d549f8de-def4-4d26-9d94-e2ebe3358100,train,who am i talkin to?,a,amb_grammar_00e65f8,,,
450,450,7263ebee-e68d-4e87-afa8-2b32451d36f5,train,are you a robot from exampleco?,a,amb_grammar_00e65f8,,,
451,451,66e82279-96cd-411f-abad-cffe83af7495,train,i don't think you are a nice person. you cannot travel with me.,a,amb_grammar_00e65f8,,,
452,452,b418cfd0-616c-4fc6-9f7d-54285af1eebe,train,"woah, i can't believe this is a chatbot?",a,amb_grammar_00e65f8,,,
453,453,d9f5653e-b193-4933-8e08-9c32d03c12f8,train,is this ayesha,a,amb_grammar_00e65f8,,,
454,454,66bdd0fb-c26d-470e-bc96-3a287ef2fba1,train,are you a little chat bot?,a,amb_grammar_00e65f8,,,
455,455,3eb798cd-062e-49d3-a118-b43beb7edc46,train,can you prove me that you are not a robot?,a,amb_grammar_00e65f8,,,
456,456,c36a8ec8-b777-46e5-b272-04fcaf6c407d,train,are you a chatbot that listens to what i say?,a,amb_grammar_00e65f8,,,
457,457,a48cceb4-c443-4832-8356-bf9270ea17a0,train,are you a computer with a camera?,a,amb_grammar_00e65f8,,,
458,458,b3c11ea3-403e-4bae-a381-c845d7b8aa4a,train,are you a baby,a,amb_grammar_00e65f8,,,
459,459,11d97dd5-dee9-4504-8bcc-f5bff0b50dd5,train,is this a computer thing?,a,amb_grammar_00e65f8,,,
460,460,e783b85a-a9f3-4b6e-bf78-46884fb0c690,train,convince me you are a human being,a,amb_grammar_00e65f8,,,
461,461,d684d0d3-3763-4006-93af-0a8128988364,train,"no, i am not. are u",a,amb_grammar_00e65f8,,,
462,462,4817b59a-d5b6-4376-92a3-1fab4e87a882,train,are you a bot like the terminator?,a,amb_grammar_00e65f8,,,
463,463,2e1e7fba-08e0-4436-b0db-ec5c33fee680,train,are u a man or a girl?,a,amb_grammar_00e65f8,,,
464,464,1343102b-b698-41aa-9c69-3190d1e8058c,train,is htis a real person i'm speaking to todaay?,a,amb_grammar_00e65f8,,,
465,465,c7ff43b6-e4a1-42c1-b408-80b42c339853,train,are you a the fbi machine?,a,amb_grammar_00e65f8,,,
466,466,e9ccbe38-93f5-4505-a8a2-e0696d163ca0,train,are you data?,a,amb_grammar_00e65f8,,,
467,467,69918357-8725-454d-868b-c44cf799a376,train,i do not think you are a person,a,amb_grammar_00e65f8,,,
468,468,412f8124-640c-4108-b11a-362e0add2507,train,to prove you are a person tell me how many fingers you have.,a,amb_grammar_00e65f8,,,
469,469,2f6368aa-b2a1-432b-9752-4685c8f2d0f8,train,are you r2-d2?,a,amb_grammar_00e65f8,,,
470,470,a4e147d5-40f0-4f2e-bdd5-54d9acbe8b26,train,prove that you are a real life person,a,amb_grammar_00e65f8,,,
471,471,a2016b7d-ac39-4a9d-94a7-67a8aafd7a7e,train,i thiunk you're a chatbot,a,amb_grammar_00e65f8,,,
472,472,21168d26-6931-4738-9af2-686e8c234466,train,did u know that you are a machine?,a,amb_grammar_00e65f8,,,
473,473,8913faf8-70d6-4212-9dc9-0960e44fe886,train,am i talking with a cool chatbot?,a,amb_grammar_00e65f8,,,
474,474,20616f61-1bcf-4ccb-ae49-9535d53b3c3c,train,i think you are a real person,a,amb_grammar_00e65f8,,,
475,475,a75413cb-4e71-49e8-9c8c-b2c82edbf861,train,are you bob?,a,amb_grammar_00e65f8,,,
